name,title,company_name,industry,country,email,phone,linkedin_profile_url,general_website_url,google_business_profile_website
Diana Davis,Software Engineer,Company 50 Software,software,Usa,diana.davis@company50software.com,+1-113-127-2134,https://www.linkedin.com/in/dianadavis79,http://www.company50software.com,
Diana Williams,Software Engineer,Company 11 Software,software,Usa,diana.williams@company11software.com,+1-117-398-1735,https://www.linkedin.com/in/dianawilliams19,,
Diana Smith,CEO,Company 59 Software,software,Usa,diana.smith@company59software.com,+1-160-447-7061,https://www.linkedin.com/in/dianasmith60,http://www.company59software.com,
Diana Jones,Software Engineer,Company 85 Software,software,Usa,diana.jones@company85software.com,+1-192-870-1376,https://www.linkedin.com/in/dianajones39,http://www.company85software.com,
Bob Williams,HR Director,Company 99 Software,software,Usa,bob.williams@company99software.com,+1-822-277-9885,https://www.linkedin.com/in/bobwilliams57,,
Alice Smith,CEO,Company 39 Software,software,Usa,alice.smith@company39software.com,+1-775-457-6130,https://www.linkedin.com/in/alicesmith24,,
Charlie Davis,CEO,Company 86 Software,software,Usa,charlie.davis@company86software.com,+1-447-950-3438,https://www.linkedin.com/in/charliedavis15,,
Charlie Jones,Software Engineer,Company 24 Software,software,Usa,charlie.jones@company24software.com,+1-533-347-3821,https://www.linkedin.com/in/charliejones12,http://www.company24software.com,
Bob Williams,Marketing Manager,Company 66 Software,software,Usa,bob.williams@company66software.com,+1-438-436-4011,https://www.linkedin.com/in/bobwilliams73,,
Eve Smith,Marketing Manager,Company 65 Software,software,Usa,eve.smith@company65software.com,+1-555-682-2784,https://www.linkedin.com/in/evesmith82,,
Eve Brown,Marketing Manager,Company 33 Software,software,Usa,eve.brown@company33software.com,+1-559-444-2768,,http://www.company33software.com,
Alice Jones,HR Director,Company 41 Software,software,Usa,alice.jones@company41software.com,+1-205-983-2469,https://www.linkedin.com/in/alicejones68,http://www.company41software.com,
Bob Smith,Sales Representative,Company 36 Software,software,Usa,bob.smith@company36software.com,+1-310-885-7733,https://www.linkedin.com/in/bobsmith81,http://www.company36software.com,
Charlie Brown,Sales Representative,Company 84 Software,software,Usa,charlie.brown@company84software.com,+1-732-909-3613,https://www.linkedin.com/in/charliebrown69,http://www.company84software.com,
Charlie Brown,Sales Representative,Company 54 Software,software,Usa,charlie.brown@company54software.com,+1-248-721-4823,https://www.linkedin.com/in/charliebrown44,http://www.company54software.com,
Diana Davis,CEO,Company 96 Software,software,Usa,diana.davis@company96software.com,+1-184-448-5983,https://www.linkedin.com/in/dianadavis91,,
Diana Brown,Marketing Manager,Company 20 Software,software,Usa,diana.brown@company20software.com,+1-988-456-4313,https://www.linkedin.com/in/dianabrown87,http://www.company20software.com,
Charlie Jones,HR Director,Company 58 Software,software,Usa,charlie.jones@company58software.com,+1-207-860-4719,https://www.linkedin.com/in/charliejones46,http://www.company58software.com,
Eve Jones,CEO,Company 47 Software,software,Usa,eve.jones@company47software.com,+1-709-823-1396,https://www.linkedin.com/in/evejones70,http://www.company47software.com,
Charlie Davis,HR Director,Company 84 Software,software,Usa,charlie.davis@company84software.com,+1-894-343-2166,https://www.linkedin.com/in/charliedavis90,http://www.company84software.com,
Bob Williams,HR Director,Company 97 Software,software,Usa,bob.williams@company97software.com,+1-260-402-6860,https://www.linkedin.com/in/bobwilliams1,http://www.company97software.com,
Charlie Davis,CEO,Company 49 Software,software,Usa,charlie.davis@company49software.com,+1-129-230-6380,https://www.linkedin.com/in/charliedavis9,http://www.company49software.com,
Alice Jones,Sales Representative,Company 42 Software,software,Usa,alice.jones@company42software.com,+1-857-143-3629,,http://www.company42software.com,
Bob Jones,CEO,Company 30 Software,software,Usa,bob.jones@company30software.com,+1-863-543-3289,,http://www.company30software.com,
Diana Jones,Sales Representative,Company 81 Software,software,Usa,diana.jones@company81software.com,+1-109-613-1603,https://www.linkedin.com/in/dianajones78,http://www.company81software.com,
Eve Davis,Software Engineer,Company 60 Software,software,Usa,eve.davis@company60software.com,+1-856-610-3317,https://www.linkedin.com/in/evedavis80,,
Bob Williams,HR Director,Company 41 Software,software,Usa,bob.williams@company41software.com,+1-324-158-4214,,http://www.company41software.com,
Bob Smith,CEO,Company 4 Software,software,Usa,bob.smith@company4software.com,+1-865-577-5464,https://www.linkedin.com/in/bobsmith36,http://www.company4software.com,
Eve Brown,CEO,Company 44 Software,software,Usa,eve.brown@company44software.com,+1-911-399-9418,https://www.linkedin.com/in/evebrown72,,
Diana Davis,Marketing Manager,Company 21 Software,software,Usa,diana.davis@company21software.com,+1-537-225-2489,https://www.linkedin.com/in/dianadavis92,,
Bob Davis,Software Engineer,Company 28 Software,software,Usa,bob.davis@company28software.com,+1-646-699-9272,https://www.linkedin.com/in/bobdavis27,http://www.company28software.com,
Alice Davis,CEO,Company 32 Software,software,Usa,alice.davis@company32software.com,+1-482-708-2179,https://www.linkedin.com/in/alicedavis17,,
Charlie Smith,Sales Representative,Company 46 Software,software,Usa,charlie.smith@company46software.com,+1-120-223-3611,https://www.linkedin.com/in/charliesmith84,http://www.company46software.com,
Alice Williams,Marketing Manager,Company 42 Software,software,Usa,alice.williams@company42software.com,+1-610-780-3114,https://www.linkedin.com/in/alicewilliams32,,
Charlie Smith,Marketing Manager,Company 71 Software,software,Usa,charlie.smith@company71software.com,+1-842-475-2688,https://www.linkedin.com/in/charliesmith84,http://www.company71software.com,
Alice Brown,CEO,Company 12 Software,software,Usa,alice.brown@company12software.com,+1-938-250-9504,https://www.linkedin.com/in/alicebrown7,,
Eve Jones,Sales Representative,Company 28 Software,software,Usa,eve.jones@company28software.com,+1-775-455-5435,https://www.linkedin.com/in/evejones46,http://www.company28software.com,
Bob Jones,HR Director,Company 92 Software,software,Usa,bob.jones@company92software.com,+1-969-275-5567,https://www.linkedin.com/in/bobjones83,,
Eve Williams,Sales Representative,Company 88 Software,software,Usa,eve.williams@company88software.com,+1-791-674-8146,https://www.linkedin.com/in/evewilliams26,http://www.company88software.com,
Bob Williams,Sales Representative,Company 56 Software,software,Usa,bob.williams@company56software.com,+1-942-647-7340,https://www.linkedin.com/in/bobwilliams69,http://www.company56software.com,
Charlie Smith,HR Director,Company 8 Software,software,Usa,charlie.smith@company8software.com,+1-466-801-1436,https://www.linkedin.com/in/charliesmith87,http://www.company8software.com,
Alice Williams,Sales Representative,Company 17 Software,software,Usa,alice.williams@company17software.com,+1-829-717-9604,https://www.linkedin.com/in/alicewilliams68,http://www.company17software.com,
Alice Smith,Marketing Manager,Company 31 Software,software,Usa,alice.smith@company31software.com,+1-303-555-8448,https://www.linkedin.com/in/alicesmith72,http://www.company31software.com,
Alice Smith,HR Director,Company 67 Software,software,Usa,alice.smith@company67software.com,+1-271-559-7563,https://www.linkedin.com/in/alicesmith75,,
Alice Jones,HR Director,Company 54 Software,software,Usa,alice.jones@company54software.com,+1-868-388-5369,https://www.linkedin.com/in/alicejones61,http://www.company54software.com,
Eve Williams,CEO,Company 10 Software,software,Usa,eve.williams@company10software.com,+1-234-474-1071,https://www.linkedin.com/in/evewilliams24,http://www.company10software.com,
Eve Brown,Marketing Manager,Company 13 Software,software,Usa,eve.brown@company13software.com,+1-513-853-9691,https://www.linkedin.com/in/evebrown66,http://www.company13software.com,
Bob Jones,Sales Representative,Company 40 Software,software,Usa,bob.jones@company40software.com,+1-755-828-7119,https://www.linkedin.com/in/bobjones81,http://www.company40software.com,
Alice Davis,HR Director,Company 17 Software,software,Usa,alice.davis@company17software.com,+1-661-459-4367,https://www.linkedin.com/in/alicedavis68,,
Charlie Davis,CEO,Company 64 Software,software,Usa,charlie.davis@company64software.com,+1-333-498-1689,https://www.linkedin.com/in/charliedavis48,http://www.company64software.com,
Bob Brown,Marketing Manager,Company 74 Software,software,Usa,bob.brown@company74software.com,+1-543-805-8829,https://www.linkedin.com/in/bobbrown74,http://www.company74software.com,
Bob Williams,Marketing Manager,Company 6 Software,software,Usa,bob.williams@company6software.com,+1-855-341-6076,https://www.linkedin.com/in/bobwilliams53,,
Eve Davis,Marketing Manager,Company 78 Software,software,Usa,eve.davis@company78software.com,+1-314-239-9279,https://www.linkedin.com/in/evedavis71,http://www.company78software.com,
Alice Brown,Sales Representative,Company 9 Software,software,Usa,alice.brown@company9software.com,+1-560-987-7288,https://www.linkedin.com/in/alicebrown87,http://www.company9software.com,
Bob Williams,Software Engineer,Company 71 Software,software,Usa,bob.williams@company71software.com,+1-930-286-5999,https://www.linkedin.com/in/bobwilliams36,http://www.company71software.com,
Charlie Brown,Sales Representative,Company 46 Software,software,Usa,charlie.brown@company46software.com,+1-983-823-6750,https://www.linkedin.com/in/charliebrown23,http://www.company46software.com,
Alice Davis,Marketing Manager,Company 95 Software,software,Usa,alice.davis@company95software.com,+1-489-644-7604,https://www.linkedin.com/in/alicedavis3,http://www.company95software.com,
Bob Jones,Software Engineer,Company 60 Software,software,Usa,bob.jones@company60software.com,+1-480-973-3916,https://www.linkedin.com/in/bobjones58,http://www.company60software.com,
Alice Davis,Software Engineer,Company 5 Software,software,Usa,alice.davis@company5software.com,+1-307-335-2597,https://www.linkedin.com/in/alicedavis72,http://www.company5software.com,
Diana Jones,Software Engineer,Company 17 Software,software,Usa,diana.jones@company17software.com,+1-869-360-1752,https://www.linkedin.com/in/dianajones46,http://www.company17software.com,
Alice Williams,HR Director,Company 13 Software,software,Usa,alice.williams@company13software.com,+1-972-412-5068,,,
Alice Brown,CEO,Company 6 Software,software,Usa,alice.brown@company6software.com,+1-757-310-9318,https://www.linkedin.com/in/alicebrown88,,
Eve Davis,Software Engineer,Company 73 Software,software,Usa,eve.davis@company73software.com,+1-409-324-3635,https://www.linkedin.com/in/evedavis64,http://www.company73software.com,
Alice Williams,Software Engineer,Company 79 Software,software,Usa,alice.williams@company79software.com,+1-594-498-9616,https://www.linkedin.com/in/alicewilliams20,http://www.company79software.com,
Diana Jones,CEO,Company 91 Software,software,Usa,diana.jones@company91software.com,+1-577-643-6707,https://www.linkedin.com/in/dianajones36,http://www.company91software.com,
Alice Jones,Sales Representative,Company 73 Software,software,Usa,alice.jones@company73software.com,+1-997-403-6125,https://www.linkedin.com/in/alicejones27,http://www.company73software.com,
Diana Jones,HR Director,Company 48 Software,software,Usa,diana.jones@company48software.com,+1-146-985-1414,,http://www.company48software.com,
Diana Davis,Software Engineer,Company 78 Software,software,Usa,diana.davis@company78software.com,+1-463-379-8239,https://www.linkedin.com/in/dianadavis2,http://www.company78software.com,
Diana Jones,Marketing Manager,Company 64 Software,software,Usa,diana.jones@company64software.com,+1-168-992-2695,https://www.linkedin.com/in/dianajones59,http://www.company64software.com,
Charlie Davis,Sales Representative,Company 85 Software,software,Usa,charlie.davis@company85software.com,+1-407-998-8778,https://www.linkedin.com/in/charliedavis84,http://www.company85software.com,
Diana Davis,Software Engineer,Company 75 Software,software,Usa,diana.davis@company75software.com,+1-403-594-8743,https://www.linkedin.com/in/dianadavis19,http://www.company75software.com,
Diana Brown,CEO,Company 74 Software,software,Usa,diana.brown@company74software.com,+1-219-209-8221,,,
Charlie Brown,HR Director,Company 4 Software,software,Usa,charlie.brown@company4software.com,+1-318-228-7809,,,
Alice Jones,HR Director,Company 81 Software,software,Usa,alice.jones@company81software.com,+1-413-447-8537,https://www.linkedin.com/in/alicejones18,http://www.company81software.com,
Alice Williams,Marketing Manager,Company 22 Software,software,Usa,alice.williams@company22software.com,+1-770-371-1513,https://www.linkedin.com/in/alicewilliams57,http://www.company22software.com,
Diana Williams,CEO,Company 42 Software,software,Usa,diana.williams@company42software.com,+1-268-965-1295,https://www.linkedin.com/in/dianawilliams98,http://www.company42software.com,
Diana Brown,CEO,Company 13 Software,software,Usa,diana.brown@company13software.com,+1-397-485-1192,https://www.linkedin.com/in/dianabrown75,http://www.company13software.com,
Eve Williams,Sales Representative,Company 23 Software,software,Usa,eve.williams@company23software.com,+1-553-470-6771,https://www.linkedin.com/in/evewilliams29,,
Alice Davis,Marketing Manager,Company 19 Software,software,Usa,alice.davis@company19software.com,+1-168-873-1878,https://www.linkedin.com/in/alicedavis69,http://www.company19software.com,
Alice Williams,Marketing Manager,Company 24 Software,software,Usa,alice.williams@company24software.com,+1-238-592-7222,https://www.linkedin.com/in/alicewilliams23,http://www.company24software.com,
Diana Jones,Software Engineer,Company 1 Software,software,Usa,diana.jones@company1software.com,+1-637-320-3381,https://www.linkedin.com/in/dianajones57,http://www.company1software.com,
Alice Davis,Software Engineer,Company 83 Software,software,Usa,alice.davis@company83software.com,+1-496-996-7127,https://www.linkedin.com/in/alicedavis27,http://www.company83software.com,
Charlie Jones,Software Engineer,Company 65 Software,software,Usa,charlie.jones@company65software.com,+1-246-136-1044,https://www.linkedin.com/in/charliejones57,,
Alice Brown,Software Engineer,Company 82 Software,software,Usa,alice.brown@company82software.com,+1-487-107-9234,https://www.linkedin.com/in/alicebrown23,http://www.company82software.com,
Bob Brown,Software Engineer,Company 56 Software,software,Usa,bob.brown@company56software.com,+1-832-238-9226,https://www.linkedin.com/in/bobbrown83,http://www.company56software.com,
Alice Williams,Software Engineer,Company 81 Software,software,Usa,alice.williams@company81software.com,+1-156-341-9185,https://www.linkedin.com/in/alicewilliams57,http://www.company81software.com,
Alice Brown,Sales Representative,Company 4 Software,software,Usa,alice.brown@company4software.com,+1-852-666-4226,https://www.linkedin.com/in/alicebrown63,http://www.company4software.com,
Alice Jones,Software Engineer,Company 62 Software,software,Usa,alice.jones@company62software.com,+1-546-643-9235,https://www.linkedin.com/in/alicejones71,http://www.company62software.com,
Charlie Williams,Software Engineer,Company 100 Software,software,Usa,charlie.williams@company100software.com,+1-309-934-2944,https://www.linkedin.com/in/charliewilliams25,http://www.company100software.com,
Bob Jones,Software Engineer,Company 74 Software,software,Usa,bob.jones@company74software.com,+1-244-577-1455,https://www.linkedin.com/in/bobjones20,,
Eve Williams,HR Director,Company 6 Software,software,Usa,eve.williams@company6software.com,+1-402-964-6556,https://www.linkedin.com/in/evewilliams73,http://www.company6software.com,
Bob Jones,CEO,Company 97 Software,software,Usa,bob.jones@company97software.com,+1-522-261-2912,https://www.linkedin.com/in/bobjones75,http://www.company97software.com,
Alice Brown,Sales Representative,Company 59 Software,software,Usa,alice.brown@company59software.com,+1-871-653-5147,https://www.linkedin.com/in/alicebrown88,http://www.company59software.com,
Eve Williams,HR Director,Company 50 Software,software,Usa,eve.williams@company50software.com,+1-521-917-6491,https://www.linkedin.com/in/evewilliams46,http://www.company50software.com,
Bob Davis,Marketing Manager,Company 91 Software,software,Usa,bob.davis@company91software.com,+1-770-737-6377,https://www.linkedin.com/in/bobdavis19,http://www.company91software.com,
Alice Jones,Software Engineer,Company 34 Software,software,Usa,alice.jones@company34software.com,+1-610-146-3123,https://www.linkedin.com/in/alicejones77,http://www.company34software.com,
Eve Williams,Software Engineer,Company 43 Software,software,Usa,eve.williams@company43software.com,+1-524-689-8166,https://www.linkedin.com/in/evewilliams79,http://www.company43software.com,
Bob Davis,Sales Representative,Company 29 Software,software,Usa,bob.davis@company29software.com,+1-868-719-4654,https://www.linkedin.com/in/bobdavis69,,
Eve Smith,Sales Representative,Company 3 Software,software,Usa,eve.smith@company3software.com,+1-593-703-7395,https://www.linkedin.com/in/evesmith6,http://www.company3software.com,
Alice Smith,Marketing Manager,Company 49 Software,software,Usa,alice.smith@company49software.com,+1-364-555-2014,https://www.linkedin.com/in/alicesmith31,http://www.company49software.com,
Bob Davis,CEO,Company 21 Software,software,Usa,bob.davis@company21software.com,+1-980-534-1054,,,
Eve Jones,Software Engineer,Company 88 Software,software,Usa,eve.jones@company88software.com,+1-651-829-8010,https://www.linkedin.com/in/evejones65,http://www.company88software.com,
Bob Davis,Sales Representative,Company 78 Software,software,Usa,bob.davis@company78software.com,+1-276-838-7938,https://www.linkedin.com/in/bobdavis89,http://www.company78software.com,
Diana Smith,Sales Representative,Company 7 Software,software,Usa,diana.smith@company7software.com,+1-698-827-6347,https://www.linkedin.com/in/dianasmith33,http://www.company7software.com,
Diana Smith,Sales Representative,Company 61 Software,software,Usa,diana.smith@company61software.com,+1-496-651-6815,https://www.linkedin.com/in/dianasmith58,http://www.company61software.com,
Eve Smith,HR Director,Company 33 Software,software,Usa,eve.smith@company33software.com,+1-172-543-8387,https://www.linkedin.com/in/evesmith85,,
Charlie Williams,CEO,Company 23 Software,software,Usa,charlie.williams@company23software.com,+1-299-952-3145,https://www.linkedin.com/in/charliewilliams9,,
Eve Brown,Software Engineer,Company 31 Software,software,Usa,eve.brown@company31software.com,+1-255-610-9004,https://www.linkedin.com/in/evebrown88,http://www.company31software.com,
Diana Brown,HR Director,Company 68 Software,software,Usa,diana.brown@company68software.com,+1-601-534-5782,https://www.linkedin.com/in/dianabrown23,http://www.company68software.com,
Diana Davis,Marketing Manager,Company 72 Software,software,Usa,diana.davis@company72software.com,+1-789-267-1983,https://www.linkedin.com/in/dianadavis29,http://www.company72software.com,
Eve Brown,CEO,Company 22 Software,software,Usa,eve.brown@company22software.com,+1-173-633-1076,https://www.linkedin.com/in/evebrown61,http://www.company22software.com,
Alice Smith,Sales Representative,Company 13 Software,software,Usa,alice.smith@company13software.com,+1-339-269-3404,https://www.linkedin.com/in/alicesmith29,http://www.company13software.com,
Charlie Smith,Sales Representative,Company 42 Software,software,Usa,charlie.smith@company42software.com,+1-192-148-1727,https://www.linkedin.com/in/charliesmith38,http://www.company42software.com,
Bob Brown,Marketing Manager,Company 70 Software,software,Usa,bob.brown@company70software.com,+1-665-646-7911,https://www.linkedin.com/in/bobbrown47,http://www.company70software.com,
Alice Smith,Software Engineer,Company 96 Software,software,Usa,alice.smith@company96software.com,+1-836-913-1442,https://www.linkedin.com/in/alicesmith60,http://www.company96software.com,
Charlie Davis,CEO,Company 29 Software,software,Usa,charlie.davis@company29software.com,+1-268-416-1690,https://www.linkedin.com/in/charliedavis54,http://www.company29software.com,
Diana Davis,HR Director,Company 36 Software,software,Usa,diana.davis@company36software.com,+1-213-337-8507,https://www.linkedin.com/in/dianadavis68,http://www.company36software.com,
Diana Davis,Sales Representative,Company 99 Software,software,Usa,diana.davis@company99software.com,+1-654-756-8798,https://www.linkedin.com/in/dianadavis52,http://www.company99software.com,
Charlie Davis,CEO,Company 39 Software,software,Usa,charlie.davis@company39software.com,+1-361-628-1222,https://www.linkedin.com/in/charliedavis63,,
Alice Brown,Software Engineer,Company 37 Software,software,Usa,alice.brown@company37software.com,+1-474-288-5646,https://www.linkedin.com/in/alicebrown37,http://www.company37software.com,
Eve Jones,Marketing Manager,Company 49 Software,software,Usa,eve.jones@company49software.com,+1-491-264-7865,https://www.linkedin.com/in/evejones66,http://www.company49software.com,
Alice Davis,HR Director,Company 51 Software,software,Usa,alice.davis@company51software.com,+1-634-806-6644,https://www.linkedin.com/in/alicedavis15,http://www.company51software.com,
Alice Williams,CEO,Company 14 Software,software,Usa,alice.williams@company14software.com,+1-565-281-4903,,http://www.company14software.com,
Bob Jones,Software Engineer,Company 36 Software,software,Usa,bob.jones@company36software.com,+1-790-318-3681,https://www.linkedin.com/in/bobjones24,http://www.company36software.com,
Diana Brown,Software Engineer,Company 37 Software,software,Usa,diana.brown@company37software.com,+1-617-687-6003,https://www.linkedin.com/in/dianabrown43,http://www.company37software.com,
Diana Smith,Software Engineer,Company 95 Software,software,Usa,diana.smith@company95software.com,+1-147-553-9088,https://www.linkedin.com/in/dianasmith57,http://www.company95software.com,
Alice Williams,Software Engineer,Company 52 Software,software,Usa,alice.williams@company52software.com,+1-612-597-7689,https://www.linkedin.com/in/alicewilliams29,http://www.company52software.com,
Eve Brown,Marketing Manager,Company 30 Software,software,Usa,eve.brown@company30software.com,+1-381-254-6082,https://www.linkedin.com/in/evebrown16,,
Charlie Williams,Sales Representative,Company 90 Software,software,Usa,charlie.williams@company90software.com,+1-641-271-4843,https://www.linkedin.com/in/charliewilliams22,http://www.company90software.com,
Alice Davis,HR Director,Company 51 Software,software,Usa,alice.davis@company51software.com,+1-977-759-6688,https://www.linkedin.com/in/alicedavis20,,
Alice Smith,CEO,Company 66 Software,software,Usa,alice.smith@company66software.com,+1-436-869-7343,https://www.linkedin.com/in/alicesmith35,http://www.company66software.com,
Alice Brown,Marketing Manager,Company 8 Software,software,Usa,alice.brown@company8software.com,+1-698-331-7972,https://www.linkedin.com/in/alicebrown21,http://www.company8software.com,
Alice Brown,CEO,Company 62 Software,software,Usa,alice.brown@company62software.com,+1-101-629-8962,https://www.linkedin.com/in/alicebrown93,,
Charlie Davis,Sales Representative,Company 25 Software,software,Usa,charlie.davis@company25software.com,+1-808-753-3504,https://www.linkedin.com/in/charliedavis20,http://www.company25software.com,
Bob Brown,Marketing Manager,Company 49 Software,software,Usa,bob.brown@company49software.com,+1-383-789-5367,https://www.linkedin.com/in/bobbrown36,http://www.company49software.com,
Charlie Williams,Marketing Manager,Company 33 Software,software,Usa,charlie.williams@company33software.com,+1-641-635-5786,https://www.linkedin.com/in/charliewilliams79,http://www.company33software.com,
Bob Davis,Software Engineer,Company 74 Software,software,Usa,bob.davis@company74software.com,+1-498-430-2228,https://www.linkedin.com/in/bobdavis49,http://www.company74software.com,
Alice Brown,Software Engineer,Company 65 Software,software,Usa,alice.brown@company65software.com,+1-699-411-3903,https://www.linkedin.com/in/alicebrown3,http://www.company65software.com,
Bob Williams,HR Director,Company 32 Software,software,Usa,bob.williams@company32software.com,+1-435-386-7666,https://www.linkedin.com/in/bobwilliams48,http://www.company32software.com,
Eve Jones,Software Engineer,Company 75 Software,software,Usa,eve.jones@company75software.com,+1-481-901-3762,https://www.linkedin.com/in/evejones46,http://www.company75software.com,
Alice Brown,HR Director,Company 84 Software,software,Usa,alice.brown@company84software.com,+1-709-490-8576,https://www.linkedin.com/in/alicebrown28,http://www.company84software.com,
Charlie Davis,Software Engineer,Company 14 Software,software,Usa,charlie.davis@company14software.com,+1-255-727-9626,https://www.linkedin.com/in/charliedavis37,http://www.company14software.com,
Alice Smith,CEO,Company 41 Software,software,Usa,alice.smith@company41software.com,+1-814-501-3290,https://www.linkedin.com/in/alicesmith43,http://www.company41software.com,
Charlie Jones,CEO,Company 85 Software,software,Usa,charlie.jones@company85software.com,+1-888-630-9861,https://www.linkedin.com/in/charliejones63,http://www.company85software.com,
Charlie Jones,Marketing Manager,Company 43 Software,software,Usa,charlie.jones@company43software.com,+1-620-177-8543,https://www.linkedin.com/in/charliejones79,http://www.company43software.com,
Alice Davis,HR Director,Company 31 Software,software,Usa,alice.davis@company31software.com,+1-712-398-8465,https://www.linkedin.com/in/alicedavis72,http://www.company31software.com,
Eve Brown,Marketing Manager,Company 13 Software,software,Usa,eve.brown@company13software.com,+1-283-560-2972,https://www.linkedin.com/in/evebrown38,http://www.company13software.com,
Bob Smith,CEO,Company 76 Software,software,Usa,bob.smith@company76software.com,+1-727-843-8815,https://www.linkedin.com/in/bobsmith67,http://www.company76software.com,
